task_label,num_train,train_input_widths,train_input_heights,train_output_widths,train_output_heights,test_input_width,test_input_height,test_output_width,test_output_height,unique_colors
007bbfb7.json,5,"[3, 3, 3, 3, 3]","[3, 3, 3, 3, 3]","[9, 9, 9, 9, 9]","[9, 9, 9, 9, 9]",[3],[3],[9],[9],"[0, 2, 4, 6, 7]"
00d62c1b.json,5,"[6, 10, 10, 10, 20]","[6, 10, 10, 10, 20]","[6, 10, 10, 10, 20]","[6, 10, 10, 10, 20]",[20],[20],[20],[20],"[0, 3, 4]"
017c7c7b.json,3,"[3, 3, 3]","[6, 6, 6]","[3, 3, 3]","[9, 9, 9]",[3],[6],[3],[9],"[0, 1, 2]"
025d127b.json,2,"[9, 9]","[14, 8]","[9, 9]","[14, 8]",[10],[10],[10],[10],"[0, 2, 4, 6, 8]"
045e512c.json,3,"[21, 21, 21]","[21, 21, 21]","[21, 21, 21]","[21, 21, 21]",[21],[21],[21],[21],"[0, 1, 2, 3, 4, 5, 6, 8]"
0520fde7.json,3,"[7, 7, 7]","[3, 3, 3]","[3, 3, 3]","[3, 3, 3]",[7],[3],[3],[3],"[0, 1, 2, 5]"
05269061.json,3,"[7, 7, 7]","[7, 7, 7]","[7, 7, 7]","[7, 7, 7]",[7],[7],[7],[7],"[0, 1, 2, 3, 4, 8]"
05f2a901.json,3,"[9, 10, 10]","[14, 9, 11]","[9, 10, 10]","[14, 9, 11]",[10],[11],[10],[11],"[0, 2, 8]"
06df4c85.json,3,"[20, 23, 23]","[20, 23, 23]","[20, 23, 23]","[20, 23, 23]",[26],[26],[26],[26],"[0, 1, 2, 3, 4, 8, 9]"
08ed6ac7.json,2,"[9, 9]","[9, 9]","[9, 9]","[9, 9]",[9],[9],[9],[9],"[0, 1, 2, 3, 4, 5]"
09629e4f.json,4,"[11, 11, 11, 11]","[11, 11, 11, 11]","[11, 11, 11, 11]","[11, 11, 11, 11]",[11],[11],[11],[11],"[0, 2, 3, 4, 5, 6, 8]"
0962bcdd.json,2,"[12, 12]","[12, 12]","[12, 12]","[12, 12]",[12],[12],[12],[12],"[0, 2, 3, 4, 6, 7, 8]"
0a938d79.json,4,"[25, 23, 9, 8]","[10, 7, 22, 24]","[25, 23, 9, 8]","[10, 7, 22, 24]",[27],[11],[27],[11],"[0, 1, 2, 3, 4, 8]"
0b148d64.json,3,"[21, 19, 17]","[21, 18, 19]","[10, 9, 6]","[10, 7, 9]",[17],[15],[6],[6],"[0, 1, 2, 3, 4, 8]"
0ca9ddb6.json,3,"[9, 9, 9]","[9, 9, 9]","[9, 9, 9]","[9, 9, 9]",[9],[9],[9],[9],"[0, 1, 2, 4, 6, 7, 8]"
0d3d703e.json,4,"[3, 3, 3, 3]","[3, 3, 3, 3]","[3, 3, 3, 3]","[3, 3, 3, 3]",[3],[3],[3],[3],"[1, 2, 3, 4, 5, 6, 8, 9]"
0dfd9992.json,3,"[21, 21, 21]","[21, 21, 21]","[21, 21, 21]","[21, 21, 21]",[21],[21],[21],[21],"[0, 1, 2, 3, 4, 5, 6, 7, 8, 9]"
0e206a2e.json,3,"[18, 15, 14]","[14, 14, 16]","[18, 15, 14]","[14, 14, 16]",[19],[24],[19],[24],"[0, 1, 2, 3, 4, 5, 8]"
10fcaaa3.json,4,"[4, 4, 3, 4]","[2, 3, 5, 4]","[8, 8, 6, 8]","[4, 6, 10, 8]",[5],[6],[10],[12],"[0, 2, 3, 4, 5, 6, 8]"
11852cab.json,3,"[10, 10, 10]","[10, 10, 10]","[10, 10, 10]","[10, 10, 10]",[10],[10],[10],[10],"[0, 1, 2, 3, 4, 8]"
1190e5a7.json,3,"[15, 11, 27]","[15, 11, 27]","[4, 2, 5]","[2, 3, 6]",[22],[22],[3],[5],"[1, 3, 5, 7, 8]"
137eaa0f.json,3,"[11, 11, 11]","[11, 11, 11]","[3, 3, 3]","[3, 3, 3]",[11],[11],[3],[3],"[0, 1, 2, 3, 4, 5, 6, 7, 8, 9]"
150deff5.json,3,"[11, 10, 9]","[9, 8, 8]","[11, 10, 9]","[9, 8, 8]",[11],[8],[11],[8],"[0, 2, 5, 8]"
178fcbfb.json,3,"[9, 8, 11]","[9, 10, 10]","[9, 8, 11]","[9, 10, 10]",[11],[12],[11],[12],"[0, 1, 2, 3]"
1a07d186.json,3,"[19, 14, 16]","[18, 15, 15]","[19, 14, 16]","[18, 15, 15]",[26],[19],[26],[19],"[0, 1, 2, 3, 4, 8]"
1b2d62fb.json,5,"[7, 7, 7, 7, 7]","[5, 5, 5, 5, 5]","[3, 3, 3, 3, 3]","[5, 5, 5, 5, 5]",[7],[5],[3],[5],"[0, 1, 8, 9]"
1b60fb0c.json,3,"[10, 10, 10]","[10, 10, 10]","[10, 10, 10]","[10, 10, 10]",[10],[10],[10],[10],"[0, 1, 2]"
1bfc4729.json,2,"[10, 10]","[10, 10]","[10, 10]","[10, 10]",[10],[10],[10],[10],"[0, 1, 2, 4, 6, 7, 8]"
1c786137.json,3,"[21, 16, 18]","[23, 13, 17]","[8, 3, 10]","[6, 5, 8]",[16],[17],[9],[8],"[0, 1, 2, 3, 4, 5, 6, 8, 9]"
1caeab9d.json,3,"[10, 10, 10]","[5, 10, 5]","[10, 10, 10]","[5, 10, 5]",[10],[10],[10],[10],"[0, 1, 2, 4]"
1cf80156.json,3,"[12, 12, 12]","[10, 11, 12]","[4, 3, 5]","[4, 5, 3]",[12],[12],[6],[4],"[0, 1, 2, 6, 8]"
1e0a9b12.json,3,"[4, 6, 5]","[4, 6, 5]","[4, 6, 5]","[4, 6, 5]",[5],[5],[5],[5],"[0, 1, 2, 3, 4, 5, 6, 7, 8, 9]"
1e32b0e9.json,3,"[17, 17, 17]","[17, 17, 17]","[17, 17, 17]","[17, 17, 17]",[17],[17],[17],[17],"[0, 1, 2, 3, 4, 8, 9]"
1f0c79e5.json,4,"[9, 9, 9, 9]","[9, 9, 9, 9]","[9, 9, 9, 9]","[9, 9, 9, 9]",[9],[9],[9],[9],"[0, 2, 3, 4, 6, 7, 8]"
1f642eb9.json,3,"[10, 10, 10]","[10, 10, 10]","[10, 10, 10]","[10, 10, 10]",[10],[10],[10],[10],"[0, 1, 2, 3, 4, 6, 7, 8, 9]"
1f85a75f.json,2,"[30, 30]","[30, 30]","[3, 3]","[5, 3]",[30],[30],[4],[4],"[0, 1, 2, 3, 4, 5, 8]"
1f876c06.json,3,"[10, 10, 10]","[10, 10, 10]","[10, 10, 10]","[10, 10, 10]",[10],[10],[10],[10],"[0, 2, 3, 4, 6, 7, 8, 9]"
1fad071e.json,3,"[9, 9, 9]","[9, 9, 9]","[5, 5, 5]","[1, 1, 1]",[9],[9],[5],[1],"[0, 1, 2]"
2013d3e2.json,2,"[10, 10]","[10, 10]","[3, 3]","[3, 3]",[10],[10],[3],[3],"[0, 1, 2, 3, 4, 5, 6, 7, 8]"
2204b7a8.json,3,"[10, 10, 10]","[10, 10, 10]","[10, 10, 10]","[10, 10, 10]",[10],[10],[10],[10],"[0, 1, 2, 3, 4, 5, 7, 8, 9]"
22168020.json,3,"[10, 10, 10]","[10, 10, 10]","[10, 10, 10]","[10, 10, 10]",[10],[10],[10],[10],"[0, 1, 3, 4, 6, 7, 8]"
22233c11.json,3,"[10, 10, 10]","[10, 10, 10]","[10, 10, 10]","[10, 10, 10]",[10],[10],[10],[10],"[0, 3, 8]"
2281f1f4.json,3,"[10, 10, 10]","[10, 10, 10]","[10, 10, 10]","[10, 10, 10]",[10],[10],[10],[10],"[0, 2, 5]"
228f6490.json,3,"[10, 10, 10]","[10, 10, 10]","[10, 10, 10]","[10, 10, 10]",[10],[10],[10],[10],"[0, 2, 3, 4, 5, 6, 7, 8, 9]"
22eb0ac0.json,3,"[10, 10, 10]","[10, 10, 10]","[10, 10, 10]","[10, 10, 10]",[10],[10],[10],[10],"[0, 1, 2, 3, 4, 5, 6, 8, 9]"
234bbc79.json,4,"[9, 11, 11, 11]","[3, 3, 3, 3]","[7, 9, 9, 8]","[3, 3, 3, 3]",[11],[3],[8],[3],"[0, 1, 2, 3, 5, 6, 8]"
23581191.json,2,"[9, 9]","[9, 9]","[9, 9]","[9, 9]",[9],[9],[9],[9],"[0, 2, 7, 8]"
239be575.json,6,"[5, 7, 7, 7, 7, 6]","[5, 5, 6, 6, 6, 6]","[1, 1, 1, 1, 1, 1]","[1, 1, 1, 1, 1, 1]","[6, 6]","[8, 8]","[1, 1]","[1, 1]","[0, 2, 8]"
23b5c85d.json,5,"[10, 20, 15, 15, 15]","[10, 20, 10, 13, 18]","[3, 3, 2, 4, 2]","[3, 2, 3, 3, 2]",[18],[18],[3],[3],"[0, 1, 2, 3, 4, 6, 7, 8]"
253bf280.json,8,"[13, 11, 11, 6, 3, 6, 6, 11]","[7, 10, 12, 9, 3, 5, 7, 12]","[13, 11, 11, 6, 3, 6, 6, 11]","[7, 10, 12, 9, 3, 5, 7, 12]",[13],[12],[13],[12],"[0, 3, 8]"
25d487eb.json,3,"[15, 12, 12]","[10, 12, 15]","[15, 12, 12]","[10, 12, 15]",[11],[16],[11],[16],"[0, 1, 2, 3, 4, 8]"
25d8a9c8.json,4,"[3, 3, 3, 3]","[3, 3, 3, 3]","[3, 3, 3, 3]","[3, 3, 3, 3]",[3],[3],[3],[3],"[0, 1, 2, 3, 4, 5, 6, 7, 8, 9]"
25ff71a9.json,4,"[3, 3, 3, 3]","[3, 3, 3, 3]","[3, 3, 3, 3]","[3, 3, 3, 3]","[3, 3]","[3, 3]","[3, 3]","[3, 3]","[0, 1, 2]"
264363fd.json,3,"[30, 30, 30]","[30, 30, 30]","[30, 30, 30]","[30, 30, 30]",[30],[30],[30],[30],"[1, 2, 3, 4, 5, 6, 8]"
272f95fa.json,2,"[19, 14]","[18, 12]","[19, 14]","[18, 12]",[15],[17],[15],[17],"[0, 1, 2, 3, 4, 6, 8]"
27a28665.json,7,"[3, 3, 3, 3, 3, 3, 3]","[3, 3, 3, 3, 3, 3, 3]","[1, 1, 1, 1, 1, 1, 1]","[1, 1, 1, 1, 1, 1, 1]","[3, 3, 3]","[3, 3, 3]","[1, 1, 1]","[1, 1, 1]","[0, 1, 2, 3, 4, 5, 6, 7, 8]"
28bf18c6.json,3,"[8, 8, 8]","[8, 8, 8]","[6, 6, 6]","[3, 3, 3]",[8],[8],[6],[3],"[0, 1, 2, 3, 8]"
28e73c20.json,5,"[6, 8, 15, 13, 10]","[6, 8, 15, 13, 10]","[6, 8, 15, 13, 10]","[6, 8, 15, 13, 10]",[18],[18],[18],[18],"[0, 3]"
29623171.json,3,"[11, 11, 11]","[11, 11, 11]","[11, 11, 11]","[11, 11, 11]",[11],[11],[11],[11],"[0, 1, 2, 3, 4, 5]"
29c11459.json,2,"[11, 11]","[5, 5]","[11, 11]","[5, 5]",[11],[5],[11],[5],"[0, 1, 2, 3, 4, 5, 6, 7, 8, 9]"
29ec7d0e.json,4,"[18, 18, 18, 18]","[18, 18, 18, 18]","[18, 18, 18, 18]","[18, 18, 18, 18]",[18],[18],[18],[18],"[0, 1, 2, 3, 4, 5, 6, 7, 8, 9]"
2bcee788.json,4,"[10, 10, 10, 10]","[10, 10, 10, 10]","[10, 10, 10, 10]","[10, 10, 10, 10]",[10],[10],[10],[10],"[0, 1, 2, 3, 4, 6, 7, 8]"
2bee17df.json,3,"[12, 12, 10]","[12, 12, 10]","[12, 12, 10]","[12, 12, 10]",[14],[14],[14],[14],"[0, 2, 3, 8]"
2c608aff.json,4,"[12, 12, 12, 18]","[9, 10, 14, 14]","[12, 12, 12, 18]","[9, 10, 14, 14]",[21],[19],[21],[19],"[1, 2, 3, 4, 5, 8]"
2dc579da.json,3,"[5, 7, 11]","[5, 7, 11]","[2, 3, 5]","[2, 3, 5]",[13],[13],[6],[6],"[0, 1, 2, 3, 4, 8]"
2dd70a9a.json,3,"[20, 10, 15]","[20, 10, 15]","[20, 10, 15]","[20, 10, 15]",[13],[13],[13],[13],"[0, 2, 3, 8]"
2dee498d.json,3,"[9, 12, 6]","[3, 4, 2]","[3, 4, 2]","[3, 4, 2]",[15],[5],[5],[5],"[0, 1, 2, 3, 4, 5]"
31aa019c.json,3,"[10, 10, 10]","[10, 10, 10]","[10, 10, 10]","[10, 10, 10]",[10],[10],[10],[10],"[0, 1, 2, 3, 4, 5, 6, 7, 8, 9]"
321b1fc6.json,2,"[10, 10]","[10, 10]","[10, 10]","[10, 10]",[10],[10],[10],[10],"[0, 3, 4, 6, 7, 8, 9]"
32597951.json,3,"[17, 17, 17]","[17, 17, 17]","[17, 17, 17]","[17, 17, 17]",[17],[17],[17],[17],"[0, 1, 3, 8]"
3345333e.json,2,"[16, 16]","[16, 16]","[16, 16]","[16, 16]",[16],[16],[16],[16],"[0, 1, 2, 3, 5, 6, 8]"
3428a4f5.json,4,"[5, 5, 5, 5]","[13, 13, 13, 13]","[5, 5, 5, 5]","[6, 6, 6, 6]","[5, 5]","[13, 13]","[5, 5]","[6, 6]","[0, 2, 3, 4]"
3618c87e.json,3,"[5, 5, 5]","[5, 5, 5]","[5, 5, 5]","[5, 5, 5]",[5],[5],[5],[5],"[0, 1, 5]"
3631a71a.json,4,"[30, 30, 30, 30]","[30, 30, 30, 30]","[30, 30, 30, 30]","[30, 30, 30, 30]",[30],[30],[30],[30],"[0, 1, 2, 3, 4, 5, 6, 7, 8, 9]"
363442ee.json,3,"[13, 13, 13]","[9, 9, 9]","[13, 13, 13]","[9, 9, 9]",[13],[9],[13],[9],"[0, 1, 2, 3, 4, 5, 6, 7, 8, 9]"
36d67576.json,3,"[13, 13, 13]","[13, 13, 13]","[13, 13, 13]","[13, 13, 13]",[15],[14],[15],[14],"[0, 1, 2, 3, 4]"
36fdfd69.json,3,"[18, 16, 14]","[17, 15, 15]","[18, 16, 14]","[17, 15, 15]",[18],[17],[18],[17],"[0, 1, 2, 3, 4, 8, 9]"
3906de3d.json,3,"[10, 10, 10]","[10, 10, 10]","[10, 10, 10]","[10, 10, 10]",[10],[10],[10],[10],"[0, 1, 2]"
39a8645d.json,3,"[14, 14, 14]","[14, 14, 14]","[3, 3, 3]","[3, 3, 3]",[14],[14],[3],[3],"[0, 1, 2, 3, 4, 6, 8]"
39e1d7f9.json,3,"[24, 27, 27]","[24, 27, 27]","[24, 27, 27]","[24, 27, 27]",[29],[29],[29],[29],"[0, 2, 3, 4, 6, 8]"
3aa6fb7a.json,2,"[7, 7]","[7, 7]","[7, 7]","[7, 7]",[7],[7],[7],[7],"[0, 1, 8]"
3ac3eb23.json,2,"[10, 7]","[6, 6]","[10, 7]","[6, 6]",[12],[6],[12],[6],"[0, 2, 3, 4, 6, 7, 8]"
3af2c5a8.json,3,"[4, 4, 4]","[3, 3, 3]","[8, 8, 8]","[6, 6, 6]",[4],[3],[8],[6],"[0, 3, 4, 8]"
3bd67248.json,3,"[15, 3, 7]","[15, 3, 7]","[15, 3, 7]","[15, 3, 7]",[10],[10],[10],[10],"[0, 2, 3, 4, 5, 6, 8]"
3bdb4ada.json,2,"[30, 20]","[8, 8]","[30, 20]","[8, 8]",[20],[11],[20],[11],"[0, 1, 4, 5, 7, 8]"
3befdf3e.json,3,"[10, 10, 10]","[10, 10, 10]","[10, 10, 10]","[10, 10, 10]",[12],[12],[12],[12],"[0, 1, 2, 3, 4, 6, 7, 8]"
3c9b0459.json,4,"[3, 3, 3, 3]","[3, 3, 3, 3]","[3, 3, 3, 3]","[3, 3, 3, 3]",[3],[3],[3],[3],"[1, 2, 3, 4, 5, 6, 7, 8, 9]"
3de23699.json,4,"[7, 9, 14, 18]","[7, 12, 12, 12]","[3, 5, 4, 8]","[3, 3, 4, 4]",[19],[18],[10],[8],"[0, 2, 3, 4, 6, 8]"
3e980e27.json,4,"[13, 13, 13, 13]","[13, 13, 13, 13]","[13, 13, 13, 13]","[13, 13, 13, 13]",[13],[13],[13],[13],"[0, 1, 2, 3, 4, 8]"
3eda0437.json,4,"[30, 20, 20, 20]","[3, 4, 2, 4]","[30, 20, 20, 20]","[3, 4, 2, 4]",[24],[4],[24],[4],"[0, 1, 5, 6]"
3f7978a0.json,3,"[9, 11, 13]","[9, 9, 11]","[5, 7, 5]","[5, 5, 6]",[13],[14],[4],[10],"[0, 5, 8]"
40853293.json,2,"[20, 10]","[30, 20]","[20, 10]","[30, 20]",[20],[20],[20],[20],"[0, 2, 3, 4, 5, 6, 7, 8, 9]"
4093f84a.json,3,"[14, 14, 14]","[14, 14, 14]","[14, 14, 14]","[14, 14, 14]",[14],[14],[14],[14],"[0, 1, 2, 3, 4, 5]"
41e4d17e.json,2,"[15, 15]","[15, 15]","[15, 15]","[15, 15]",[15],[15],[15],[15],"[1, 6, 8]"
4258a5f9.json,2,"[9, 9]","[9, 9]","[9, 9]","[9, 9]",[9],[9],[9],[9],"[0, 1, 5]"
4290ef0e.json,3,"[17, 18, 18]","[13, 18, 18]","[7, 7, 11]","[7, 7, 11]",[19],[19],[11],[11],"[0, 1, 2, 3, 4, 6, 7, 8]"
42a50994.json,4,"[11, 18, 19, 9]","[16, 12, 11, 17]","[11, 18, 19, 9]","[16, 12, 11, 17]",[14],[17],[14],[17],"[0, 3, 4, 5, 6, 8]"
4347f46a.json,3,"[16, 7, 12]","[18, 8, 11]","[16, 7, 12]","[18, 8, 11]",[19],[17],[19],[17],"[0, 1, 2, 3, 4, 5, 6, 7, 8]"
444801d8.json,3,"[10, 10, 10]","[10, 10, 10]","[10, 10, 10]","[10, 10, 10]",[10],[10],[10],[10],"[0, 1, 2, 3, 4, 6, 7, 8]"
445eab21.json,3,"[10, 10, 10]","[10, 10, 10]","[2, 2, 2]","[2, 2, 2]",[10],[10],[2],[2],"[0, 2, 3, 4, 6, 7, 8, 9]"
447fd412.json,3,"[12, 12, 12]","[14, 14, 14]","[12, 12, 12]","[14, 14, 14]",[21],[17],[21],[17],"[0, 1, 2]"
44d8ac46.json,4,"[12, 12, 12, 12]","[12, 12, 12, 12]","[12, 12, 12, 12]","[12, 12, 12, 12]",[12],[12],[12],[12],"[0, 2, 5]"
44f52bb0.json,6,"[3, 3, 3, 3, 3, 3]","[3, 3, 3, 3, 3, 3]","[1, 1, 1, 1, 1, 1]","[1, 1, 1, 1, 1, 1]","[3, 3]","[3, 3]","[1, 1]","[1, 1]","[0, 1, 2, 7]"
4522001f.json,2,"[3, 3]","[3, 3]","[9, 9]","[9, 9]",[3],[3],[9],[9],"[0, 2, 3]"
4612dd53.json,3,"[13, 13, 13]","[9, 11, 13]","[13, 13, 13]","[9, 11, 13]",[13],[13],[13],[13],"[0, 1, 2]"
46442a0e.json,3,"[2, 3, 3]","[2, 3, 3]","[4, 6, 6]","[4, 6, 6]",[3],[3],[6],[6],"[1, 4, 6, 7, 8, 9]"
469497ad.json,3,"[5, 5, 5]","[5, 5, 5]","[10, 15, 20]","[10, 15, 20]",[5],[5],[25],[25],"[0, 1, 2, 3, 4, 6, 7, 8, 9]"
46f33fce.json,3,"[10, 10, 10]","[10, 10, 10]","[20, 20, 20]","[20, 20, 20]",[10],[10],[20],[20],"[0, 1, 2, 3, 4, 6, 8]"
47c1f68c.json,3,"[11, 9, 7]","[11, 9, 7]","[10, 8, 6]","[10, 8, 6]",[13],[13],[12],[12],"[0, 1, 2, 3, 4, 8]"
484b58aa.json,3,"[29, 29, 29]","[29, 29, 29]","[29, 29, 29]","[29, 29, 29]",[29],[29],[29],[29],"[0, 1, 2, 3, 4, 5, 6, 7, 8, 9]"
48d8fb45.json,3,"[10, 10, 10]","[10, 10, 10]","[3, 3, 3]","[3, 3, 3]",[10],[10],[3],[3],"[0, 1, 2, 3, 4, 5]"
4938f0c2.json,3,"[30, 10, 14]","[20, 10, 12]","[30, 10, 14]","[20, 10, 12]",[14],[18],[14],[18],"[0, 2, 3]"
496994bd.json,2,"[3, 5]","[10, 10]","[3, 5]","[10, 10]",[6],[10],[6],[10],"[0, 2, 3, 5, 8]"
49d1d64f.json,3,"[2, 3, 3]","[2, 2, 3]","[4, 5, 5]","[4, 4, 5]",[2],[3],[4],[5],"[0, 1, 2, 3, 4, 8]"
4be741c5.json,3,"[16, 7, 9]","[14, 9, 11]","[3, 1, 1]","[1, 3, 4]",[14],[14],[4],[1],"[1, 2, 3, 4, 5, 6, 8]"
4c4377d9.json,4,"[4, 4, 4, 4]","[3, 3, 3, 3]","[4, 4, 4, 4]","[6, 6, 6, 6]",[4],[3],[4],[6],"[1, 3, 4, 5, 9]"
4c5c2cf0.json,3,"[14, 14, 12]","[14, 14, 12]","[14, 14, 12]","[14, 14, 12]",[15],[15],[15],[15],"[0, 1, 2, 3, 4, 7, 8]"
50846271.json,4,"[22, 20, 19, 12]","[20, 20, 18, 11]","[22, 20, 19, 12]","[20, 20, 18, 11]",[22],[19],[22],[19],"[0, 2, 5, 8]"
508bd3b6.json,3,"[12, 12, 12]","[12, 12, 12]","[12, 12, 12]","[12, 12, 12]",[12],[12],[12],[12],"[0, 2, 3, 8]"
50cb2852.json,3,"[15, 11, 13]","[13, 12, 12]","[15, 11, 13]","[13, 12, 12]",[13],[14],[13],[14],"[0, 1, 2, 3, 8]"
5117e062.json,3,"[13, 13, 13]","[13, 13, 13]","[3, 3, 3]","[3, 3, 3]",[13],[13],[3],[3],"[0, 1, 2, 3, 4, 6, 7, 8]"
5168d44c.json,3,"[13, 7, 7]","[7, 13, 7]","[13, 7, 7]","[7, 13, 7]",[17],[7],[17],[7],"[0, 2, 3]"
539a4f51.json,3,"[5, 5, 5]","[5, 5, 5]","[10, 10, 10]","[10, 10, 10]",[5],[5],[10],[10],"[0, 1, 2, 3, 4, 6, 7]"
53b68214.json,3,"[10, 10, 10]","[6, 5, 8]","[10, 10, 10]","[10, 10, 10]","[10, 10]","[8, 5]","[10, 10]","[10, 10]","[0, 1, 2, 3, 6, 8]"
543a7ed5.json,2,"[15, 15]","[15, 15]","[15, 15]","[15, 15]",[15],[15],[15],[15],"[3, 4, 6, 8]"
54d82841.json,3,"[8, 5, 7]","[8, 5, 5]","[8, 5, 7]","[8, 5, 5]",[11],[7],[11],[7],"[0, 3, 4, 5, 6, 8]"
54d9e175.json,4,"[11, 11, 11, 11]","[3, 3, 3, 7]","[11, 11, 11, 11]","[3, 3, 3, 7]",[11],[7],[11],[7],"[0, 1, 2, 3, 4, 5, 6, 7, 8, 9]"
5521c0d9.json,3,"[15, 15, 15]","[15, 15, 15]","[15, 15, 15]","[15, 15, 15]",[15],[15],[15],[15],"[0, 1, 2, 4]"
5582e5ca.json,3,"[3, 3, 3]","[3, 3, 3]","[3, 3, 3]","[3, 3, 3]",[3],[3],[3],[3],"[0, 1, 3, 4, 6, 8, 9]"
5614dbcf.json,2,"[9, 9]","[9, 9]","[3, 3]","[3, 3]",[9],[9],[3],[3],"[0, 2, 3, 4, 5, 6, 7, 8, 9]"
56dc2b01.json,3,"[16, 5, 5]","[4, 17, 17]","[16, 5, 5]","[4, 17, 17]",[18],[4],[18],[4],"[0, 2, 3, 8]"
56ff96f3.json,4,"[10, 8, 10, 11]","[10, 7, 10, 6]","[10, 8, 10, 11]","[10, 7, 10, 6]",[8],[9],[8],[9],"[0, 1, 2, 3, 4, 6, 7, 8]"
57aa92db.json,4,"[12, 18, 18, 18]","[16, 16, 17, 15]","[12, 18, 18, 18]","[16, 16, 17, 15]",[30],[19],[30],[19],"[0, 1, 2, 3, 4, 6, 8]"
5ad4f10b.json,3,"[24, 23, 23]","[20, 22, 24]","[3, 3, 3]","[3, 3, 3]",[26],[22],[3],[3],"[0, 1, 2, 3, 4, 6, 8]"
5bd6f4ac.json,4,"[9, 9, 9, 9]","[9, 9, 9, 9]","[3, 3, 3, 3]","[3, 3, 3, 3]",[9],[9],[3],[3],"[0, 1, 2, 3, 4, 5, 6, 7, 8, 9]"
5c0a986e.json,3,"[10, 10, 10]","[10, 10, 10]","[10, 10, 10]","[10, 10, 10]",[10],[10],[10],[10],"[0, 1, 2]"
5c2c9af4.json,3,"[23, 23, 23]","[23, 23, 23]","[23, 23, 23]","[23, 23, 23]",[28],[28],[28],[28],"[0, 2, 3, 4, 8]"
5daaa586.json,3,"[22, 12, 15]","[22, 12, 14]","[12, 8, 9]","[15, 8, 6]",[15],[16],[10],[12],"[0, 1, 2, 3, 4, 6, 8]"
60b61512.json,2,"[9, 9]","[9, 9]","[9, 9]","[9, 9]",[9],[9],[9],[9],"[0, 4, 7]"
6150a2bd.json,2,"[3, 3]","[3, 3]","[3, 3]","[3, 3]",[3],[3],[3],[3],"[0, 1, 2, 3, 4, 5, 6, 7, 8]"
623ea044.json,3,"[15, 15, 7]","[15, 15, 7]","[15, 15, 7]","[15, 15, 7]",[17],[17],[17],[17],"[0, 2, 6, 7, 8]"
62c24649.json,3,"[3, 3, 3]","[3, 3, 3]","[6, 6, 6]","[6, 6, 6]",[3],[3],[6],[6],"[0, 1, 2, 3]"
63613498.json,3,"[10, 10, 10]","[10, 10, 10]","[10, 10, 10]","[10, 10, 10]",[10],[10],[10],[10],"[0, 1, 2, 3, 4, 5, 6, 7, 8, 9]"
6430c8c4.json,4,"[4, 4, 4, 4]","[9, 9, 9, 9]","[4, 4, 4, 4]","[4, 4, 4, 4]",[4],[9],[4],[4],"[0, 2, 3, 4, 7]"
6455b5f5.json,4,"[13, 13, 16, 16]","[18, 11, 11, 15]","[13, 13, 16, 16]","[18, 11, 11, 15]",[16],[13],[16],[13],"[0, 1, 2, 8]"
662c240a.json,4,"[3, 3, 3, 3]","[9, 9, 9, 9]","[3, 3, 3, 3]","[3, 3, 3, 3]",[3],[9],[3],[3],"[1, 2, 3, 4, 5, 6, 7, 8, 9]"
67385a82.json,4,"[3, 6, 4, 6]","[3, 4, 4, 5]","[3, 6, 4, 6]","[3, 4, 4, 5]",[5],[5],[5],[5],"[0, 3, 8]"
673ef223.json,3,"[8, 10, 10]","[19, 20, 20]","[8, 10, 10]","[19, 20, 20]",[12],[21],[12],[21],"[0, 2, 4, 8]"
6773b310.json,4,"[11, 11, 11, 11]","[11, 11, 11, 11]","[3, 3, 3, 3]","[3, 3, 3, 3]",[11],[11],[3],[3],"[0, 1, 6, 8]"
67a3c6ac.json,3,"[4, 7, 6]","[4, 7, 6]","[4, 7, 6]","[4, 7, 6]",[3],[3],[3],[3],"[1, 2, 6, 7]"
67a423a3.json,3,"[4, 8, 6]","[4, 8, 6]","[4, 8, 6]","[4, 8, 6]",[12],[12],[12],[12],"[0, 1, 2, 3, 4, 5, 6, 8, 9]"
67e8384a.json,4,"[3, 3, 3, 3]","[3, 3, 3, 3]","[6, 6, 6, 6]","[6, 6, 6, 6]",[3],[3],[6],[6],"[1, 2, 3, 4, 5, 6, 7, 8]"
681b3aeb.json,3,"[10, 10, 10]","[10, 10, 10]","[3, 3, 3]","[3, 3, 3]",[10],[10],[3],[3],"[0, 1, 2, 3, 4, 6, 7, 8]"
6855a6e4.json,3,"[15, 15, 15]","[15, 15, 15]","[15, 15, 15]","[15, 15, 15]",[15],[15],[15],[15],"[0, 2, 5]"
68b16354.json,3,"[5, 5, 7]","[5, 5, 7]","[5, 5, 7]","[5, 5, 7]",[7],[7],[7],[7],"[1, 2, 3, 4, 7, 8]"
694f12f3.json,2,"[10, 10]","[10, 10]","[10, 10]","[10, 10]",[10],[10],[10],[10],"[0, 1, 2, 4]"
6a1e5592.json,2,"[15, 15]","[10, 10]","[15, 15]","[10, 10]",[15],[10],[15],[10],"[0, 1, 2, 5]"
6aa20dc0.json,3,"[19, 21, 22]","[20, 20, 21]","[19, 21, 22]","[20, 20, 21]",[22],[22],[22],[22],"[1, 2, 3, 4, 6, 8]"
6b9890af.json,3,"[21, 22, 24]","[18, 19, 21]","[8, 5, 11]","[8, 5, 11]",[26],[24],[14],[14],"[0, 1, 2, 3, 4, 8]"
6c434453.json,2,"[10, 10]","[10, 10]","[10, 10]","[10, 10]",[10],[10],[10],[10],"[0, 1, 2]"
6cdd2623.json,3,"[22, 20, 17]","[11, 13, 15]","[22, 20, 17]","[11, 13, 15]",[19],[16],[19],[16],"[0, 1, 2, 3, 4, 5, 6, 7, 8]"
6cf79266.json,3,"[20, 20, 20]","[20, 20, 20]","[20, 20, 20]","[20, 20, 20]",[20],[20],[20],[20],"[0, 1, 3, 4, 5, 7]"
6d0160f0.json,4,"[11, 11, 11, 11]","[11, 11, 11, 11]","[11, 11, 11, 11]","[11, 11, 11, 11]",[11],[11],[11],[11],"[0, 1, 2, 3, 4, 5, 6, 7, 8, 9]"
6d0aefbc.json,4,"[3, 3, 3, 3]","[3, 3, 3, 3]","[6, 6, 6, 6]","[3, 3, 3, 3]",[3],[3],[6],[3],"[1, 6, 8]"
6d58a25d.json,3,"[20, 20, 20]","[20, 20, 20]","[20, 20, 20]","[20, 20, 20]",[20],[20],[20],[20],"[0, 1, 2, 3, 4, 6, 7, 8, 9]"
6d75e8bb.json,3,"[10, 8, 8]","[14, 7, 9]","[10, 8, 8]","[14, 7, 9]",[11],[9],[11],[9],"[0, 2, 8]"
6e02f1e3.json,5,"[3, 3, 3, 3, 3]","[3, 3, 3, 3, 3]","[3, 3, 3, 3, 3]","[3, 3, 3, 3, 3]",[3],[3],[3],[3],"[0, 2, 3, 4, 5]"
6e19193c.json,2,"[10, 10]","[10, 10]","[10, 10]","[10, 10]",[10],[10],[10],[10],"[0, 7, 8, 9]"
6e82a1ae.json,3,"[10, 10, 10]","[10, 10, 10]","[10, 10, 10]","[10, 10, 10]",[10],[10],[10],[10],"[0, 1, 2, 3, 5]"
6ecd11f4.json,3,"[21, 25, 22]","[27, 27, 22]","[3, 3, 4]","[3, 3, 4]",[24],[21],[4],[4],"[0, 1, 2, 3, 4, 5, 6, 7, 8, 9]"
6f8cd79b.json,4,"[3, 3, 4, 6]","[3, 4, 5, 5]","[3, 3, 4, 6]","[3, 4, 5, 5]",[6],[7],[6],[7],"[0, 8]"
6fa7a44f.json,4,"[3, 3, 3, 3]","[3, 3, 3, 3]","[3, 3, 3, 3]","[6, 6, 6, 6]",[3],[3],[3],[6],"[1, 2, 4, 5, 6, 7, 8, 9]"
72322fa7.json,3,"[22, 12, 19]","[13, 13, 14]","[22, 12, 19]","[13, 13, 14]",[19],[19],[19],[19],"[0, 1, 2, 3, 4, 6, 7, 8]"
72ca375d.json,3,"[10, 10, 10]","[10, 10, 10]","[4, 2, 4]","[2, 2, 2]",[10],[10],[4],[3],"[0, 2, 3, 4, 5, 6, 7, 8, 9]"
73251a56.json,3,"[21, 21, 21]","[21, 21, 21]","[21, 21, 21]","[21, 21, 21]",[21],[21],[21],[21],"[0, 1, 2, 3, 4, 5, 6, 7, 8, 9]"
7447852a.json,3,"[10, 15, 18]","[3, 3, 3]","[10, 15, 18]","[3, 3, 3]",[25],[3],[25],[3],"[0, 2, 4]"
7468f01a.json,3,"[15, 16, 17]","[10, 12, 15]","[8, 5, 6]","[4, 5, 4]",[17],[17],[8],[7],"[0, 1, 2, 3, 4, 6, 8]"
746b3537.json,5,"[3, 3, 5, 2, 4]","[3, 3, 3, 4, 6]","[1, 3, 4, 1, 1]","[3, 1, 1, 3, 4]",[9],[4],[5],[1],"[1, 2, 3, 4, 6, 8]"
74dd1130.json,4,"[3, 3, 3, 3]","[3, 3, 3, 3]","[3, 3, 3, 3]","[3, 3, 3, 3]",[3],[3],[3],[3],"[1, 2, 3, 4, 5, 6, 8, 9]"
75b8110e.json,5,"[8, 8, 8, 8, 8]","[8, 8, 8, 8, 8]","[4, 4, 4, 4, 4]","[4, 4, 4, 4, 4]",[8],[8],[4],[4],"[0, 4, 5, 6, 9]"
760b3cac.json,3,"[9, 9, 9]","[6, 6, 6]","[9, 9, 9]","[6, 6, 6]",[9],[6],[9],[6],"[0, 4, 8]"
776ffc46.json,4,"[20, 20, 20, 20]","[20, 20, 20, 20]","[20, 20, 20, 20]","[20, 20, 20, 20]",[20],[20],[20],[20],"[0, 1, 2, 3, 5]"
77fdfe62.json,3,"[8, 6, 8]","[8, 6, 8]","[4, 2, 4]","[4, 2, 4]",[10],[10],[6],[6],"[0, 1, 2, 3, 4, 5, 6, 7, 8, 9]"
780d0b14.json,3,"[20, 22, 17]","[20, 18, 23]","[2, 3, 2]","[2, 2, 3]",[28],[23],[3],[3],"[0, 1, 2, 3, 4, 6, 7, 8]"
7837ac64.json,4,"[29, 27, 29, 27]","[29, 27, 29, 27]","[3, 3, 3, 3]","[3, 3, 3, 3]",[29],[29],[3],[3],"[0, 1, 2, 3, 4, 6, 8]"
794b24be.json,10,"[3, 3, 3, 3, 3, 3, 3, 3, 3, 3]","[3, 3, 3, 3, 3, 3, 3, 3, 3, 3]","[3, 3, 3, 3, 3, 3, 3, 3, 3, 3]","[3, 3, 3, 3, 3, 3, 3, 3, 3, 3]","[3, 3]","[3, 3]","[3, 3]","[3, 3]","[0, 1, 2]"
7b6016b9.json,3,"[23, 25, 21]","[23, 22, 24]","[23, 25, 21]","[23, 22, 24]",[25],[22],[25],[22],"[0, 1, 2, 3, 4, 7, 8]"
7b7f7511.json,3,"[8, 6, 2]","[4, 3, 6]","[4, 3, 2]","[4, 3, 3]",[3],[8],[3],[4],"[1, 2, 3, 4, 5, 6, 8]"
7c008303.json,3,"[9, 9, 9]","[9, 9, 9]","[6, 6, 6]","[6, 6, 6]",[9],[9],[6],[6],"[0, 1, 2, 3, 4, 5, 6, 7, 8]"
7ddcd7ec.json,3,"[10, 10, 10]","[10, 10, 10]","[10, 10, 10]","[10, 10, 10]",[10],[10],[10],[10],"[0, 3, 4, 7, 8]"
7df24a62.json,4,"[23, 23, 23, 23]","[23, 23, 23, 23]","[23, 23, 23, 23]","[23, 23, 23, 23]",[23],[23],[23],[23],"[0, 1, 4]"
7e0986d6.json,2,"[14, 16]","[13, 13]","[14, 16]","[13, 13]",[17],[12],[17],[12],"[0, 1, 2, 3, 4, 5, 8]"
7f4411dc.json,3,"[13, 17, 7]","[13, 17, 7]","[13, 17, 7]","[13, 17, 7]",[10],[10],[10],[10],"[0, 5, 6, 7, 8]"
7fe24cdd.json,3,"[3, 3, 3]","[3, 3, 3]","[6, 6, 6]","[6, 6, 6]",[3],[3],[6],[6],"[0, 1, 2, 3, 5, 6, 8]"
80af3007.json,3,"[18, 18, 18]","[16, 16, 16]","[9, 9, 9]","[9, 9, 9]",[19],[17],[9],[9],"[0, 5]"
810b9b61.json,3,"[15, 15, 9]","[15, 15, 9]","[15, 15, 9]","[15, 15, 9]",[12],[12],[12],[12],"[0, 1, 3]"
82819916.json,4,"[8, 8, 8, 8]","[10, 10, 12, 6]","[8, 8, 8, 8]","[10, 10, 12, 6]",[10],[14],[10],[14],"[0, 1, 2, 3, 4, 5, 6, 8]"
83302e8f.json,3,"[24, 29, 19]","[24, 29, 19]","[24, 29, 19]","[24, 29, 19]",[27],[27],[27],[27],"[0, 1, 3, 4, 5, 8, 9]"
834ec97d.json,3,"[3, 5, 9]","[3, 5, 9]","[3, 5, 9]","[3, 5, 9]",[12],[12],[12],[12],"[0, 2, 3, 4, 6, 9]"
8403a5d5.json,3,"[10, 10, 10]","[10, 10, 10]","[10, 10, 10]","[10, 10, 10]",[10],[10],[10],[10],"[0, 1, 2, 3, 4, 5]"
846bdb03.json,4,"[13, 13, 13, 13]","[13, 13, 13, 13]","[8, 8, 6, 6]","[6, 7, 4, 5]",[13],[13],[8],[6],"[0, 1, 2, 3, 4, 7, 8]"
855e0971.json,4,"[19, 13, 15, 15]","[15, 14, 13, 14]","[19, 13, 15, 15]","[15, 14, 13, 14]",[15],[17],[15],[17],"[0, 1, 2, 3, 4, 5, 8]"
85c4e7cd.json,4,"[12, 6, 8, 10]","[12, 6, 8, 10]","[12, 6, 8, 10]","[12, 6, 8, 10]",[14],[14],[14],[14],"[1, 2, 3, 4, 5, 6, 7, 8]"
868de0fa.json,5,"[10, 10, 20, 11, 15]","[10, 10, 20, 11, 15]","[10, 10, 20, 11, 15]","[10, 10, 20, 11, 15]",[20],[20],[20],[20],"[0, 1, 2, 7]"
8731374e.json,3,"[23, 23, 17]","[17, 27, 16]","[6, 9, 8]","[7, 10, 6]",[17],[19],[8],[10],"[0, 1, 2, 3, 4, 5, 6, 7, 8, 9]"
88a10436.json,3,"[9, 7, 8]","[9, 8, 10]","[9, 7, 8]","[9, 8, 10]",[11],[10],[11],[10],"[0, 1, 2, 3, 5, 6]"
88a62173.json,3,"[5, 5, 5]","[5, 5, 5]","[2, 2, 2]","[2, 2, 2]",[5],[5],[2],[2],"[0, 1, 2, 5, 8]"
890034e9.json,3,"[21, 21, 21]","[21, 21, 21]","[21, 21, 21]","[21, 21, 21]",[21],[21],[21],[21],"[0, 1, 2, 3, 4, 8]"
8a004b2b.json,3,"[17, 18, 18]","[17, 17, 16]","[14, 7, 11]","[9, 7, 11]",[18],[19],[18],[14],"[0, 1, 2, 3, 4, 8]"
8be77c9e.json,3,"[3, 3, 3]","[3, 3, 3]","[3, 3, 3]","[6, 6, 6]",[3],[3],[3],[6],"[0, 1]"
8d5021e8.json,3,"[2, 2, 2]","[3, 3, 3]","[4, 4, 4]","[9, 9, 9]",[2],[3],[4],[9],"[0, 2, 3, 5, 8]"
8d510a79.json,2,"[10, 10]","[10, 10]","[10, 10]","[10, 10]",[10],[10],[10],[10],"[0, 1, 2, 5]"
8e1813be.json,3,"[15, 10, 12]","[18, 12, 12]","[6, 3, 4]","[6, 3, 4]",[19],[19],[7],[7],"[0, 1, 2, 3, 4, 5, 6, 7, 8]"
8e5a5113.json,3,"[11, 11, 11]","[3, 3, 3]","[11, 11, 11]","[3, 3, 3]",[11],[3],[11],[3],"[0, 1, 2, 3, 4, 5, 6, 7, 8, 9]"
8eb1be9a.json,2,"[19, 12]","[15, 10]","[19, 12]","[15, 10]",[13],[14],[13],[14],"[0, 1, 2, 8]"
8efcae92.json,3,"[20, 20, 20]","[20, 20, 20]","[6, 9, 17]","[5, 9, 5]",[20],[20],[10],[9],"[0, 1, 2]"
8f2ea7aa.json,3,"[9, 9, 9]","[9, 9, 9]","[9, 9, 9]","[9, 9, 9]",[9],[9],[9],[9],"[0, 2, 6, 7, 8]"
90c28cc7.json,3,"[21, 21, 21]","[21, 21, 21]","[3, 2, 2]","[3, 2, 3]",[21],[21],[3],[3],"[0, 1, 2, 3, 4, 5, 7, 8]"
90f3ed37.json,3,"[10, 10, 10]","[15, 15, 15]","[10, 10, 10]","[15, 15, 15]",[10],[15],[10],[15],"[0, 1, 8]"
913fb3ed.json,4,"[12, 6, 16, 6]","[12, 6, 16, 6]","[12, 6, 16, 6]","[12, 6, 16, 6]",[16],[16],[16],[16],"[0, 1, 2, 3, 4, 6, 8]"
91413438.json,4,"[3, 3, 3, 3]","[3, 3, 3, 3]","[12, 15, 9, 18]","[12, 15, 9, 18]",[3],[3],[21],[21],"[0, 2, 3, 4, 6, 8]"
91714a58.json,3,"[16, 16, 16]","[16, 16, 16]","[16, 16, 16]","[16, 16, 16]",[16],[16],[16],[16],"[0, 1, 2, 3, 4, 5, 6, 7, 8, 9]"
9172f3a0.json,2,"[3, 3]","[3, 3]","[9, 9]","[9, 9]",[3],[3],[9],[9],"[0, 1, 2, 3, 4, 6, 7]"
928ad970.json,3,"[13, 13, 14]","[12, 15, 15]","[13, 13, 14]","[12, 15, 15]",[15],[15],[15],[15],"[0, 1, 3, 4, 5, 8]"
93b581b8.json,3,"[6, 6, 6]","[6, 6, 6]","[6, 6, 6]","[6, 6, 6]",[6],[6],[6],[6],"[0, 1, 2, 3, 4, 5, 6, 7, 8, 9]"
941d9a10.json,3,"[10, 10, 10]","[10, 10, 10]","[10, 10, 10]","[10, 10, 10]",[10],[10],[10],[10],"[0, 1, 2, 3, 5]"
94f9d214.json,4,"[4, 4, 4, 4]","[8, 8, 8, 8]","[4, 4, 4, 4]","[4, 4, 4, 4]",[4],[8],[4],[4],"[0, 1, 2, 3]"
952a094c.json,3,"[10, 10, 10]","[10, 10, 10]","[10, 10, 10]","[10, 10, 10]",[10],[10],[10],[10],"[0, 1, 2, 3, 4, 5, 6, 7, 8, 9]"
9565186b.json,4,"[3, 3, 3, 3]","[3, 3, 3, 3]","[3, 3, 3, 3]","[3, 3, 3, 3]",[3],[3],[3],[3],"[1, 2, 3, 4, 5, 8]"
95990924.json,3,"[10, 10, 15]","[10, 10, 15]","[10, 10, 15]","[10, 10, 15]",[15],[15],[15],[15],"[0, 1, 2, 3, 4, 5]"
963e52fc.json,3,"[6, 7, 8]","[5, 5, 5]","[12, 14, 16]","[5, 5, 5]",[9],[5],[18],[5],"[0, 1, 2, 3, 8]"
97999447.json,3,"[8, 12, 8]","[10, 10, 7]","[8, 12, 8]","[10, 10, 7]",[8],[9],[8],[9],"[0, 2, 3, 4, 5, 6, 8]"
97a05b5b.json,3,"[19, 10, 12]","[24, 20, 16]","[9, 8, 9]","[17, 8, 9]",[15],[19],[12],[8],"[0, 1, 2, 3, 4, 5, 8]"
98cf29f8.json,3,"[14, 18, 19]","[17, 13, 15]","[14, 18, 19]","[17, 13, 15]",[17],[12],[17],[12],"[0, 2, 3, 4, 5, 7]"
995c5fa3.json,4,"[14, 14, 14, 14]","[4, 4, 4, 4]","[3, 3, 3, 3]","[3, 3, 3, 3]",[14],[4],[3],[3],"[0, 2, 3, 4, 5, 8]"
99b1bc43.json,4,"[4, 4, 4, 4]","[9, 9, 9, 9]","[4, 4, 4, 4]","[4, 4, 4, 4]",[4],[9],[4],[4],"[0, 1, 2, 3, 4]"
99fa7670.json,4,"[6, 3, 6, 5]","[6, 3, 6, 7]","[6, 3, 6, 5]","[6, 3, 6, 7]",[8],[7],[8],[7],"[0, 2, 3, 5, 6, 7, 8]"
9aec4887.json,3,"[16, 16, 15]","[15, 14, 15]","[6, 5, 6]","[6, 5, 6]",[16],[16],[7],[7],"[0, 1, 2, 3, 4, 6, 7, 8]"
9af7a82c.json,4,"[3, 4, 3, 3]","[3, 3, 4, 4]","[3, 4, 4, 3]","[5, 6, 5, 6]",[4],[4],[5],[6],"[0, 1, 2, 3, 4, 8]"
9d9215db.json,3,"[19, 19, 19]","[19, 19, 19]","[19, 19, 19]","[19, 19, 19]",[19],[19],[19],[19],"[0, 1, 2, 3, 4, 8]"
9dfd6313.json,3,"[3, 4, 5]","[3, 4, 5]","[3, 4, 5]","[3, 4, 5]",[6],[6],[6],[6],"[0, 1, 2, 3, 4, 5, 6, 8]"
9ecd008a.json,3,"[16, 16, 16]","[16, 16, 16]","[3, 3, 3]","[3, 3, 3]",[16],[16],[3],[3],"[0, 1, 2, 3, 4, 5, 6, 7, 8, 9]"
9edfc990.json,3,"[13, 15, 16]","[13, 15, 16]","[13, 15, 16]","[13, 15, 16]",[16],[16],[16],[16],"[0, 1, 2, 3, 4, 5, 6, 7, 8, 9]"
9f236235.json,3,"[19, 19, 11]","[19, 19, 11]","[4, 4, 3]","[4, 4, 3]",[23],[23],[4],[4],"[0, 1, 2, 3, 4, 8]"
a1570a43.json,4,"[7, 9, 10, 8]","[7, 9, 9, 9]","[7, 9, 10, 8]","[7, 9, 9, 9]",[8],[10],[8],[10],"[0, 2, 3]"
a2fd1cf0.json,3,"[15, 16, 14]","[15, 10, 12]","[15, 16, 14]","[15, 10, 12]",[14],[12],[14],[12],"[0, 2, 3, 8]"
a3325580.json,6,"[10, 10, 10, 10, 10, 10]","[10, 10, 10, 10, 10, 10]","[3, 2, 1, 1, 2, 3]","[5, 9, 5, 3, 3, 3]",[10],[10],[3],[4],"[0, 1, 2, 3, 4, 5, 6, 7, 8, 9]"
a3df8b1e.json,3,"[2, 3, 4]","[10, 10, 10]","[2, 3, 4]","[10, 10, 10]",[5],[10],[5],[10],"[0, 1]"
a416b8f3.json,3,"[3, 3, 4]","[3, 4, 4]","[6, 6, 8]","[3, 4, 4]",[4],[5],[8],[5],"[0, 1, 2, 3, 4, 5, 6, 8]"
a48eeaf7.json,2,"[10, 10]","[10, 10]","[10, 10]","[10, 10]",[10],[10],[10],[10],"[0, 2, 5]"
a5313dff.json,3,"[8, 8, 12]","[8, 8, 12]","[8, 8, 12]","[8, 8, 12]",[9],[9],[9],[9],"[0, 1, 2]"
a5f85a15.json,3,"[3, 8, 6]","[3, 8, 6]","[3, 8, 6]","[3, 8, 6]",[12],[12],[12],[12],"[0, 2, 3, 4, 6, 9]"
a61ba2ce.json,2,"[13, 13]","[13, 13]","[4, 4]","[4, 4]",[13],[13],[4],[4],"[0, 1, 2, 3, 4, 6, 8]"
a61f2674.json,2,"[9, 9]","[9, 9]","[9, 9]","[9, 9]",[9],[9],[9],[9],"[0, 1, 2, 5]"
a64e4611.json,3,"[30, 30, 30]","[30, 30, 30]","[30, 30, 30]","[30, 30, 30]",[30],[30],[30],[30],"[0, 1, 2, 3, 4, 8]"
a65b410d.json,3,"[7, 9, 9]","[7, 8, 7]","[7, 9, 9]","[7, 8, 7]",[9],[9],[9],[9],"[0, 1, 2, 3]"
a68b268e.json,6,"[9, 9, 9, 9, 9, 9]","[9, 9, 9, 9, 9, 9]","[4, 4, 4, 4, 4, 4]","[4, 4, 4, 4, 4, 4]",[9],[9],[4],[4],"[0, 1, 4, 6, 7, 8]"
a699fb00.json,3,"[5, 10, 10]","[5, 10, 10]","[5, 10, 10]","[5, 10, 10]",[10],[10],[10],[10],"[0, 1, 2]"
a740d043.json,3,"[7, 7, 6]","[5, 7, 7]","[3, 3, 2]","[3, 2, 3]",[6],[6],[2],[2],"[0, 1, 2, 3, 5, 6]"
a78176bb.json,3,"[10, 10, 10]","[10, 10, 10]","[10, 10, 10]","[10, 10, 10]",[10],[10],[10],[10],"[0, 1, 2, 5, 7, 9]"
a79310a0.json,3,"[5, 3, 5]","[5, 3, 5]","[5, 3, 5]","[5, 3, 5]",[5],[5],[5],[5],"[0, 2, 8]"
a85d4709.json,4,"[3, 3, 3, 3]","[3, 3, 3, 3]","[3, 3, 3, 3]","[3, 3, 3, 3]",[3],[3],[3],[3],"[0, 2, 3, 4, 5]"
a87f7484.json,4,"[3, 12, 15, 3]","[9, 3, 3, 12]","[3, 3, 3, 3]","[3, 3, 3, 3]",[3],[15],[3],[3],"[0, 1, 2, 3, 4, 5, 6, 7, 8]"
a8c38be5.json,2,"[14, 14]","[14, 16]","[9, 9]","[9, 9]",[15],[16],[9],[9],"[0, 1, 2, 3, 4, 5, 6, 7, 8, 9]"
a8d7556c.json,3,"[18, 18, 18]","[18, 18, 18]","[18, 18, 18]","[18, 18, 18]",[18],[18],[18],[18],"[0, 2, 5]"
a9f96cdd.json,4,"[5, 5, 5, 5]","[3, 3, 3, 3]","[5, 5, 5, 5]","[3, 3, 3, 3]",[5],[3],[5],[3],"[0, 2, 3, 6, 7, 8]"
aabf363d.json,2,"[7, 7]","[7, 7]","[7, 7]","[7, 7]",[7],[7],[7],[7],"[0, 2, 3, 4, 6, 8]"
aba27056.json,3,"[7, 9, 6]","[7, 9, 6]","[7, 9, 6]","[7, 9, 6]",[10],[10],[10],[10],"[0, 2, 3, 4, 6, 7]"
ac0a08a4.json,3,"[3, 3, 3]","[3, 3, 3]","[6, 9, 15]","[6, 9, 15]",[3],[3],[12],[12],"[0, 1, 2, 3, 4, 6, 7, 8, 9]"
ae3edfdc.json,3,"[15, 15, 15]","[15, 15, 15]","[15, 15, 15]","[15, 15, 15]",[15],[15],[15],[15],"[0, 1, 2, 3, 7]"
ae4f1146.json,4,"[9, 9, 9, 9]","[9, 9, 9, 9]","[3, 3, 3, 3]","[3, 3, 3, 3]",[9],[9],[3],[3],"[0, 1, 8]"
aedd82e4.json,4,"[3, 4, 4, 3]","[3, 4, 5, 3]","[3, 4, 4, 3]","[3, 4, 5, 3]",[4],[5],[4],[5],"[0, 1, 2]"
af902bf9.json,3,"[10, 10, 10]","[10, 10, 10]","[10, 10, 10]","[10, 10, 10]",[10],[10],[10],[10],"[0, 2, 4]"
b0c4d837.json,6,"[6, 9, 9, 9, 6, 7]","[6, 9, 9, 9, 5, 7]","[3, 3, 3, 3, 3, 3]","[3, 3, 3, 3, 3, 3]",[9],[9],[3],[3],"[0, 5, 8]"
b190f7f5.json,3,"[6, 6, 8]","[3, 3, 4]","[9, 9, 16]","[9, 9, 16]",[4],[8],[16],[16],"[0, 1, 2, 3, 4, 8]"
b1948b0a.json,3,"[4, 4, 6]","[3, 6, 3]","[4, 4, 6]","[3, 6, 3]",[4],[4],[4],[4],"[2, 6, 7]"
b230c067.json,2,"[10, 10]","[10, 10]","[10, 10]","[10, 10]",[10],[10],[10],[10],"[0, 1, 2, 8]"
b27ca6d3.json,2,"[18, 16]","[15, 15]","[18, 16]","[15, 15]",[16],[17],[16],[17],"[0, 2, 3]"
b2862040.json,4,"[11, 11, 13, 15]","[9, 12, 12, 14]","[11, 11, 13, 15]","[9, 12, 12, 14]",[15],[16],[15],[16],"[1, 8, 9]"
b527c5c6.json,4,"[10, 20, 20, 20]","[10, 20, 20, 20]","[10, 20, 20, 20]","[10, 20, 20, 20]",[20],[20],[20],[20],"[0, 2, 3]"
b548a754.json,3,"[11, 11, 12]","[11, 11, 13]","[11, 11, 12]","[11, 11, 13]",[13],[13],[13],[13],"[0, 1, 2, 3, 4, 6, 8]"
b60334d2.json,2,"[9, 9]","[9, 9]","[9, 9]","[9, 9]",[9],[9],[9],[9],"[0, 1, 5]"
b6afb2da.json,2,"[10, 10]","[10, 10]","[10, 10]","[10, 10]",[10],[10],[10],[10],"[0, 1, 2, 4, 5]"
b7249182.json,3,"[10, 13, 18]","[14, 10, 10]","[10, 13, 18]","[14, 10, 10]",[9],[19],[9],[19],"[0, 1, 2, 3, 5, 6, 7, 8]"
b775ac94.json,3,"[30, 20, 14]","[30, 20, 14]","[30, 20, 14]","[30, 20, 14]",[24],[24],[24],[24],"[0, 1, 2, 3, 4, 6, 7, 8]"
b782dc8a.json,2,"[24, 14]","[11, 13]","[24, 14]","[11, 13]",[15],[15],[15],[15],"[0, 1, 2, 3, 4, 8]"
b8825c91.json,4,"[16, 16, 16, 16]","[16, 16, 16, 16]","[16, 16, 16, 16]","[16, 16, 16, 16]",[16],[16],[16],[16],"[1, 2, 3, 4, 5, 6, 7, 8, 9]"
b8cdaf2b.json,4,"[3, 5, 5, 7]","[3, 5, 5, 7]","[3, 5, 5, 7]","[3, 5, 5, 7]",[9],[9],[9],[9],"[0, 1, 2, 3, 4, 6, 8]"
b91ae062.json,5,"[3, 3, 3, 3, 3]","[3, 3, 3, 3, 3]","[6, 6, 9, 9, 12]","[6, 6, 9, 9, 12]",[3],[3],[12],[12],"[0, 1, 2, 3, 4, 6, 7, 8, 9]"
b94a9452.json,3,"[13, 11, 13]","[12, 12, 12]","[4, 3, 5]","[4, 3, 5]",[13],[14],[6],[6],"[0, 1, 2, 3, 4, 6, 8]"
b9b7f026.json,3,"[13, 17, 17]","[15, 15, 16]","[1, 1, 1]","[1, 1, 1]",[15],[14],[1],[1],"[0, 1, 2, 3, 4, 5, 6, 7, 8]"
ba26e723.json,5,"[10, 11, 11, 13, 14]","[3, 3, 3, 3, 3]","[10, 11, 11, 13, 14]","[3, 3, 3, 3, 3]",[17],[3],[17],[3],"[0, 4, 6]"
ba97ae07.json,4,"[13, 9, 7, 6]","[13, 7, 8, 8]","[13, 9, 7, 6]","[13, 7, 8, 8]",[6],[11],[6],[11],"[0, 1, 2, 3, 4, 5, 6, 7, 8]"
bb43febb.json,2,"[10, 10]","[10, 10]","[10, 10]","[10, 10]",[10],[10],[10],[10],"[0, 2, 5]"
bbc9ae5d.json,5,"[6, 8, 10, 6, 6]","[1, 1, 1, 1, 1]","[6, 8, 10, 6, 6]","[3, 4, 5, 3, 3]",[12],[1],[12],[6],"[0, 1, 2, 5, 7, 8]"
bc1d5164.json,5,"[7, 7, 7, 7, 7]","[5, 5, 5, 5, 5]","[3, 3, 3, 3, 3]","[3, 3, 3, 3, 3]",[7],[5],[3],[3],"[0, 1, 2, 3, 4, 8]"
bd4472b8.json,3,"[3, 4, 2]","[8, 10, 6]","[3, 4, 2]","[8, 10, 6]",[5],[12],[5],[12],"[0, 1, 2, 3, 4, 5, 8]"
bda2d7a6.json,3,"[6, 6, 8]","[6, 6, 8]","[6, 6, 8]","[6, 6, 8]","[6, 8]","[6, 8]","[6, 8]","[6, 8]","[0, 1, 2, 3, 5, 6, 7, 8, 9]"
bdad9b1f.json,2,"[6, 6]","[6, 6]","[6, 6]","[6, 6]",[6],[6],[6],[6],"[0, 2, 4, 8]"
be94b721.json,4,"[13, 10, 11, 9]","[7, 5, 6, 7]","[3, 2, 3, 3]","[4, 3, 4, 3]",[9],[9],[3],[4],"[0, 1, 2, 3, 4, 5, 6, 7, 8]"
beb8660c.json,3,"[7, 4, 3]","[10, 7, 3]","[7, 4, 3]","[10, 7, 3]",[8],[11],[8],[11],"[0, 1, 2, 3, 4, 5, 6, 7, 8, 9]"
c0f76784.json,3,"[12, 12, 12]","[12, 12, 12]","[12, 12, 12]","[12, 12, 12]",[12],[12],[12],[12],"[0, 5, 6, 7, 8]"
c1d99e64.json,3,"[19, 14, 15]","[12, 12, 17]","[19, 14, 15]","[12, 12, 17]",[25],[27],[25],[27],"[0, 1, 2, 3, 4, 8]"
c3e719e8.json,3,"[3, 3, 3]","[3, 3, 3]","[9, 9, 9]","[9, 9, 9]",[3],[3],[9],[9],"[0, 1, 3, 4, 5, 6, 7, 8, 9]"
c3f564a4.json,3,"[16, 16, 16]","[16, 16, 16]","[16, 16, 16]","[16, 16, 16]",[16],[16],[16],[16],"[0, 1, 2, 3, 4, 5, 6, 7, 8]"
c444b776.json,2,"[19, 9]","[19, 19]","[19, 9]","[19, 19]",[29],[19],[29],[19],"[0, 1, 2, 3, 4, 5, 6, 7, 8]"
c59eb873.json,3,"[3, 2, 4]","[3, 2, 4]","[6, 4, 8]","[6, 4, 8]",[5],[5],[10],[10],"[0, 1, 2, 3, 5, 6, 7, 8]"
c8cbb738.json,3,"[11, 8, 14]","[12, 10, 12]","[5, 3, 5]","[5, 3, 5]",[19],[18],[7],[7],"[1, 2, 3, 4, 6, 7, 8]"
c8f0f002.json,3,"[6, 4, 5]","[3, 3, 3]","[6, 4, 5]","[3, 3, 3]",[5],[3],[5],[3],"[1, 5, 7, 8]"
c909285e.json,3,"[24, 26, 28]","[24, 26, 28]","[7, 7, 7]","[7, 7, 7]",[24],[24],[6],[6],"[0, 1, 2, 3, 4, 5, 6, 8]"
c9e6f938.json,3,"[3, 3, 3]","[3, 3, 3]","[6, 6, 6]","[3, 3, 3]",[3],[3],[6],[3],"[0, 7]"
c9f8e694.json,2,"[12, 12]","[12, 12]","[12, 12]","[12, 12]",[12],[12],[12],[12],"[0, 1, 2, 3, 4, 5, 7, 8]"
caa06a1f.json,3,"[11, 8, 6]","[11, 8, 6]","[11, 8, 6]","[11, 8, 6]",[18],[18],[18],[18],"[1, 3, 4, 5, 6, 7, 8]"
cbded52d.json,3,"[8, 8, 8]","[8, 8, 8]","[8, 8, 8]","[8, 8, 8]",[8],[8],[8],[8],"[0, 1, 2, 3, 4, 6, 7, 8]"
cce03e0d.json,3,"[3, 3, 3]","[3, 3, 3]","[9, 9, 9]","[9, 9, 9]",[3],[3],[9],[9],"[0, 1, 2]"
cdecee7f.json,3,"[10, 10, 10]","[10, 10, 10]","[3, 3, 3]","[3, 3, 3]",[10],[10],[3],[3],"[0, 1, 2, 3, 4, 5, 6, 7, 8, 9]"
ce22a75a.json,2,"[9, 9]","[9, 9]","[9, 9]","[9, 9]",[9],[9],[9],[9],"[0, 1, 5]"
ce4f8723.json,4,"[4, 4, 4, 4]","[9, 9, 9, 9]","[4, 4, 4, 4]","[4, 4, 4, 4]",[4],[9],[4],[4],"[0, 1, 2, 3, 4]"
ce602527.json,4,"[17, 18, 17, 17]","[17, 18, 19, 15]","[5, 3, 3, 5]","[5, 5, 5, 3]",[18],[18],[3],[4],"[1, 2, 3, 4, 6, 8]"
ce9e57f2.json,3,"[9, 9, 9]","[7, 8, 9]","[9, 9, 9]","[7, 8, 9]",[9],[11],[9],[11],"[0, 2, 8]"
cf98881b.json,5,"[14, 14, 14, 14, 14]","[4, 4, 4, 4, 4]","[4, 4, 4, 4, 4]","[4, 4, 4, 4, 4]",[14],[4],[4],[4],"[0, 1, 2, 4, 9]"
d037b0a7.json,3,"[3, 3, 3]","[3, 3, 3]","[3, 3, 3]","[3, 3, 3]",[3],[3],[3],[3],"[0, 2, 3, 4, 6, 7, 8]"
d06dbe63.json,2,"[13, 13]","[13, 13]","[13, 13]","[13, 13]",[13],[13],[13],[13],"[0, 5, 8]"
d07ae81c.json,3,"[12, 14, 15]","[19, 12, 15]","[12, 14, 15]","[19, 12, 15]",[19],[17],[19],[17],"[1, 2, 3, 4, 6, 8]"
d0f5fe59.json,3,"[10, 12, 12]","[16, 12, 8]","[4, 3, 2]","[4, 3, 2]",[12],[15],[5],[5],"[0, 8]"
d10ecb37.json,3,"[6, 8, 6]","[6, 8, 12]","[2, 2, 2]","[2, 2, 2]",[8],[4],[2],[2],"[0, 1, 2, 3, 4, 5, 6, 9]"
d13f3404.json,3,"[3, 3, 3]","[3, 3, 3]","[6, 6, 6]","[6, 6, 6]",[3],[3],[6],[6],"[0, 1, 2, 3, 4, 6, 8, 9]"
d22278a0.json,4,"[10, 12, 13, 7]","[10, 12, 13, 7]","[10, 12, 13, 7]","[10, 12, 13, 7]",[17],[17],[17],[17],"[0, 1, 2, 3, 4, 8]"
d23f8c26.json,3,"[3, 5, 5]","[3, 5, 5]","[3, 5, 5]","[3, 5, 5]",[7],[7],[7],[7],"[0, 1, 2, 3, 4, 5, 6, 7, 8, 9]"
d2abd087.json,3,"[10, 10, 10]","[10, 10, 10]","[10, 10, 10]","[10, 10, 10]",[10],[10],[10],[10],"[0, 1, 2, 5]"
d364b489.json,2,"[10, 10]","[10, 10]","[10, 10]","[10, 10]",[10],[10],[10],[10],"[0, 1, 2, 6, 7, 8]"
d406998b.json,4,"[10, 12, 13, 14]","[3, 3, 3, 3]","[10, 12, 13, 14]","[3, 3, 3, 3]",[17],[3],[17],[3],"[0, 3, 5]"
d43fd935.json,3,"[10, 10, 10]","[10, 10, 10]","[10, 10, 10]","[10, 10, 10]",[10],[10],[10],[10],"[0, 1, 2, 3, 6, 7, 8]"
d4469b4b.json,7,"[5, 5, 5, 5, 5, 5, 5]","[5, 5, 5, 5, 5, 5, 5]","[3, 3, 3, 3, 3, 3, 3]","[3, 3, 3, 3, 3, 3, 3]","[5, 5]","[5, 5]","[3, 3]","[3, 3]","[0, 1, 2, 3, 5]"
d4a91cb9.json,3,"[12, 11, 11]","[10, 8, 12]","[12, 11, 11]","[10, 8, 12]",[13],[12],[13],[12],"[0, 2, 4, 8]"
d4f3cd78.json,2,"[10, 10]","[10, 10]","[10, 10]","[10, 10]",[10],[10],[10],[10],"[0, 5, 8]"
d511f180.json,3,"[5, 3, 3]","[5, 3, 3]","[5, 3, 3]","[5, 3, 3]",[4],[4],[4],[4],"[1, 2, 3, 4, 5, 6, 7, 8, 9]"
d5d6de2d.json,3,"[10, 10, 15]","[10, 10, 15]","[10, 10, 15]","[10, 10, 15]","[10, 25]","[10, 25]","[10, 25]","[10, 25]","[0, 2, 3]"
d631b094.json,4,"[3, 3, 3, 3]","[3, 3, 3, 3]","[2, 3, 1, 4]","[1, 1, 1, 1]",[3],[3],[5],[1],"[0, 1, 2, 4, 7, 8]"
d687bc17.json,3,"[15, 12, 11]","[10, 12, 14]","[15, 12, 11]","[10, 12, 14]",[17],[14],[17],[14],"[0, 1, 2, 3, 4, 6, 7, 8]"
d6ad076f.json,3,"[10, 10, 10]","[10, 10, 10]","[10, 10, 10]","[10, 10, 10]",[10],[10],[10],[10],"[0, 1, 2, 3, 4, 6, 7, 8, 9]"
d89b689b.json,3,"[10, 10, 10]","[10, 10, 10]","[10, 10, 10]","[10, 10, 10]",[10],[10],[10],[10],"[0, 1, 2, 3, 4, 5, 6, 7, 8, 9]"
d8c310e9.json,3,"[15, 15, 15]","[5, 5, 5]","[15, 15, 15]","[5, 5, 5]",[15],[5],[15],[5],"[0, 1, 2, 3, 4, 6]"
d90796e8.json,3,"[3, 6, 7]","[3, 7, 7]","[3, 6, 7]","[3, 7, 7]",[9],[7],[9],[7],"[0, 2, 3, 5, 8]"
d9f24cd1.json,2,"[10, 10]","[10, 10]","[10, 10]","[10, 10]",[10],[10],[10],[10],"[0, 2, 5]"
d9fac9be.json,4,"[9, 9, 9, 12]","[5, 7, 11, 11]","[1, 1, 1, 1]","[1, 1, 1, 1]",[12],[12],[1],[1],"[0, 1, 2, 3, 4, 8]"
dae9d2b5.json,5,"[6, 6, 6, 6, 6]","[3, 3, 3, 3, 3]","[3, 3, 3, 3, 3]","[3, 3, 3, 3, 3]","[6, 6]","[3, 3]","[3, 3]","[3, 3]","[0, 3, 4, 6]"
db3e9e38.json,2,"[7, 8]","[5, 7]","[7, 8]","[5, 7]",[9],[9],[9],[9],"[0, 7, 8]"
db93a21d.json,4,"[10, 15, 20, 20]","[10, 15, 20, 20]","[10, 15, 20, 20]","[10, 15, 20, 20]",[30],[30],[30],[30],"[0, 1, 3, 9]"
dbc1a6ce.json,4,"[9, 11, 12, 9]","[10, 10, 12, 8]","[9, 11, 12, 9]","[10, 10, 12, 8]",[21],[19],[21],[19],"[0, 1, 8]"
dc0a314f.json,3,"[16, 16, 16]","[16, 16, 16]","[5, 5, 5]","[5, 5, 5]",[16],[16],[5],[5],"[1, 2, 3, 4, 5, 6, 7, 8, 9]"
dc1df850.json,3,"[5, 8, 5]","[5, 8, 4]","[5, 8, 5]","[5, 8, 4]",[10],[10],[10],[10],"[0, 1, 2, 3, 5, 6, 7, 8]"
dc433765.json,7,"[3, 3, 5, 7, 10, 11, 3]","[3, 5, 5, 7, 10, 11, 3]","[3, 3, 5, 7, 10, 11, 3]","[3, 5, 5, 7, 10, 11, 3]","[11, 3]","[11, 3]","[11, 3]","[11, 3]","[0, 3, 4]"
ddf7fa4f.json,3,"[10, 10, 10]","[10, 10, 10]","[10, 10, 10]","[10, 10, 10]",[10],[10],[10],[10],"[0, 1, 2, 3, 4, 5, 6, 7, 8, 9]"
de1cd16c.json,4,"[13, 15, 17, 19]","[17, 16, 16, 16]","[1, 1, 1, 1]","[1, 1, 1, 1]",[19],[18],[1],[1],"[0, 1, 2, 3, 4, 5, 6, 8]"
ded97339.json,3,"[10, 10, 10]","[10, 10, 10]","[10, 10, 10]","[10, 10, 10]",[10],[10],[10],[10],"[0, 8]"
e179c5f4.json,3,"[2, 3, 4]","[10, 10, 10]","[2, 3, 4]","[10, 10, 10]",[5],[10],[5],[10],"[0, 1, 8]"
e21d9049.json,2,"[11, 14]","[12, 15]","[11, 14]","[12, 15]",[20],[20],[20],[20],"[0, 1, 2, 3, 4, 8]"
e26a3af2.json,3,"[17, 14, 14]","[13, 13, 15]","[17, 14, 14]","[13, 13, 15]",[15],[15],[15],[15],"[1, 2, 3, 4, 5, 6, 7, 8, 9]"
e3497940.json,3,"[9, 9, 9]","[10, 10, 10]","[4, 4, 4]","[10, 10, 10]",[9],[10],[4],[10],"[0, 1, 2, 3, 4, 5, 6, 7, 8]"
e40b9e2f.json,3,"[10, 10, 10]","[10, 10, 10]","[10, 10, 10]","[10, 10, 10]",[10],[10],[10],[10],"[0, 2, 3, 4, 6, 7, 8, 9]"
e48d4e1a.json,4,"[10, 10, 10, 10]","[10, 10, 10, 10]","[10, 10, 10, 10]","[10, 10, 10, 10]",[10],[10],[10],[10],"[0, 2, 3, 4, 5, 6, 8]"
e5062a87.json,3,"[10, 10, 10]","[10, 10, 10]","[10, 10, 10]","[10, 10, 10]",[10],[10],[10],[10],"[0, 2, 5]"
e509e548.json,3,"[21, 11, 12]","[19, 10, 14]","[21, 11, 12]","[19, 10, 14]",[16],[14],[16],[14],"[0, 1, 2, 3, 6]"
e50d258f.json,3,"[10, 10, 10]","[10, 10, 10]","[4, 3, 4]","[5, 3, 6]",[10],[10],[3],[6],"[0, 1, 2, 8]"
e6721834.json,3,"[17, 20, 16]","[30, 11, 10]","[17, 10, 8]","[15, 11, 10]",[12],[24],[12],[12],"[0, 1, 2, 3, 4, 6, 8]"
e73095fd.json,3,"[19, 16, 17]","[12, 13, 15]","[19, 16, 17]","[12, 13, 15]",[18],[16],[18],[16],"[0, 4, 5]"
e76a88a6.json,2,"[10, 10]","[10, 10]","[10, 10]","[10, 10]",[10],[10],[10],[10],"[0, 1, 2, 4, 5, 6, 8]"
e8593010.json,3,"[10, 10, 10]","[10, 10, 10]","[10, 10, 10]","[10, 10, 10]",[10],[10],[10],[10],"[0, 1, 2, 3, 5]"
e8dc4411.json,3,"[14, 15, 16]","[12, 13, 12]","[14, 15, 16]","[12, 13, 12]",[16],[18],[16],[18],"[0, 1, 2, 3, 4, 6, 8]"
e9614598.json,2,"[10, 10]","[10, 10]","[10, 10]","[10, 10]","[12, 6]","[12, 10]","[12, 6]","[12, 10]","[0, 1, 3]"
e98196ab.json,3,"[11, 11, 11]","[11, 11, 11]","[11, 11, 11]","[5, 5, 5]",[11],[11],[11],[5],"[0, 1, 2, 3, 5, 6, 7, 8]"
e9afcf9a.json,2,"[6, 6]","[2, 2]","[6, 6]","[2, 2]",[6],[2],[6],[2],"[2, 3, 4, 6, 8, 9]"
ea32f347.json,4,"[10, 10, 10, 10]","[10, 10, 10, 10]","[10, 10, 10, 10]","[10, 10, 10, 10]",[10],[10],[10],[10],"[0, 1, 2, 4, 5]"
ea786f4a.json,3,"[3, 5, 7]","[3, 5, 7]","[3, 5, 7]","[3, 5, 7]",[11],[11],[11],[11],"[0, 1, 2, 3, 6]"
eb281b96.json,2,"[17, 17]","[3, 4]","[17, 17]","[9, 13]",[17],[5],[17],[17],"[0, 2, 3, 8]"
eb5a1d5d.json,3,"[27, 25, 22]","[23, 22, 21]","[5, 3, 7]","[5, 3, 7]",[27],[26],[9],[9],"[1, 2, 3, 5, 6, 8]"
ec883f72.json,4,"[6, 8, 9, 12]","[6, 8, 9, 12]","[6, 8, 9, 12]","[6, 8, 9, 12]",[12],[12],[12],[12],"[0, 2, 3, 4, 5, 6, 8, 9]"
ecdecbb3.json,3,"[13, 18, 12]","[13, 13, 17]","[13, 18, 12]","[13, 13, 17]",[19],[17],[19],[17],"[0, 2, 8]"
ed36ccf7.json,4,"[3, 3, 3, 3]","[3, 3, 3, 3]","[3, 3, 3, 3]","[3, 3, 3, 3]",[3],[3],[3],[3],"[0, 2, 5, 6, 9]"
ef135b50.json,3,"[10, 10, 10]","[10, 10, 10]","[10, 10, 10]","[10, 10, 10]",[10],[10],[10],[10],"[0, 2, 9]"
f15e1fac.json,3,"[12, 10, 12]","[17, 14, 12]","[12, 10, 12]","[17, 14, 12]",[17],[12],[17],[12],"[0, 2, 8]"
f1cefba8.json,3,"[13, 17, 18]","[19, 15, 16]","[13, 17, 18]","[19, 15, 16]",[18],[19],[18],[19],"[0, 1, 2, 3, 4, 8]"
f25fbde4.json,3,"[9, 9, 9]","[9, 9, 9]","[8, 6, 6]","[6, 6, 8]",[9],[9],[10],[6],"[0, 4]"
f25ffba3.json,2,"[4, 4]","[10, 10]","[4, 4]","[10, 10]",[4],[10],[4],[10],"[0, 1, 2, 3, 4, 7, 8, 9]"
f2829549.json,5,"[7, 7, 7, 7, 7]","[4, 4, 4, 4, 4]","[3, 3, 3, 3, 3]","[4, 4, 4, 4, 4]",[7],[4],[3],[4],"[0, 1, 3, 5, 7]"
f35d900a.json,4,"[14, 14, 16, 16]","[14, 17, 17, 17]","[14, 14, 16, 16]","[14, 17, 17, 17]",[18],[17],[18],[17],"[0, 1, 2, 3, 4, 5, 8]"
f5b8619d.json,3,"[3, 6, 2]","[3, 6, 2]","[6, 12, 4]","[6, 12, 4]",[4],[4],[8],[8],"[0, 2, 3, 4, 5, 8]"
f76d97a5.json,3,"[3, 5, 5]","[3, 5, 5]","[3, 5, 5]","[3, 5, 5]",[5],[5],[5],[5],"[0, 3, 4, 5, 6, 9]"
f8a8fe49.json,3,"[15, 15, 15]","[15, 15, 15]","[15, 15, 15]","[15, 15, 15]",[15],[15],[15],[15],"[0, 2, 5]"
f8b3ba0a.json,4,"[13, 16, 10, 13]","[13, 13, 13, 13]","[1, 1, 1, 1]","[3, 3, 3, 3]",[13],[15],[1],[3],"[0, 1, 2, 3, 4, 6, 8]"
f8c80d96.json,3,"[10, 10, 10]","[10, 10, 10]","[10, 10, 10]","[10, 10, 10]",[10],[10],[10],[10],"[0, 1, 2, 4, 5, 8]"
f8ff0b80.json,3,"[12, 12, 12]","[12, 12, 12]","[1, 1, 1]","[3, 3, 3]",[12],[12],[1],[3],"[0, 1, 2, 3, 4, 6, 7, 8]"
f9012d9b.json,3,"[5, 4, 7]","[5, 4, 7]","[2, 1, 2]","[2, 1, 2]",[7],[7],[3],[3],"[0, 1, 2, 5, 6, 8]"
fafffa47.json,5,"[3, 3, 3, 3, 3]","[6, 6, 6, 6, 6]","[3, 3, 3, 3, 3]","[3, 3, 3, 3, 3]",[3],[6],[3],[3],"[0, 1, 2, 9]"
fcb5c309.json,3,"[13, 16, 16]","[13, 13, 15]","[7, 7, 7]","[7, 6, 7]",[17],[17],[8],[8],"[0, 1, 2, 3, 4, 8]"
fcc82909.json,3,"[10, 10, 10]","[10, 10, 10]","[10, 10, 10]","[10, 10, 10]",[10],[10],[10],[10],"[0, 1, 2, 3, 4, 6, 7, 8, 9]"
feca6190.json,5,"[5, 5, 5, 5, 5]","[1, 1, 1, 1, 1]","[10, 5, 15, 15, 5]","[10, 5, 15, 15, 5]",[5],[1],[20],[20],"[0, 1, 2, 4, 6, 7, 8, 9]"
ff28f65a.json,8,"[5, 5, 7, 6, 3, 7, 7, 7]","[5, 5, 7, 6, 3, 7, 7, 7]","[3, 3, 3, 3, 3, 3, 3, 3]","[3, 3, 3, 3, 3, 3, 3, 3]","[6, 7, 7]","[6, 7, 7]","[3, 3, 3]","[3, 3, 3]","[0, 1, 2]"
ff805c23.json,3,"[24, 24, 24]","[24, 24, 24]","[5, 5, 5]","[5, 5, 5]",[24],[24],[5],[5],"[0, 1, 2, 3, 4, 5, 6, 8]"
